{
  "project_info": {
    "project_number": "655459847025",
    "firebase_url": "https://fingerprint-based-atm-f35c8-default-rtdb.firebaseio.com",
    "project_id": "fingerprint-based-atm-f35c8",
    "storage_bucket": "fingerprint-based-atm-f35c8.appspot.com"
  },
  "client": [
    {
      "client_info": {
        "mobilesdk_app_id": "1:655459847025:android:456af37cb2e7e24065c4d0",
        "android_client_info": {
          "package_name": "com.example.fingerprintbasedatm"
        }
      },
      "oauth_client": [],
      "api_key": [
        {
          "current_key": "AIzaSyCSXpSSCrZgpYTZYgXkdMhygqIHo-dyRHs"
        }
      ],
      "services": {
        "appinvite_service": {
          "other_platform_oauth_client": []
        }
      }
    },
    {
      "client_info": {
        "mobilesdk_app_id": "1:655459847025:android:d766fe9ad3269dc065c4d0",
        "android_client_info": {
          "package_name": "com.example.fingerprintbasedatm2"
        }
      },
      "oauth_client": [],
      "api_key": [
        {
          "current_key": "AIzaSyCSXpSSCrZgpYTZYgXkdMhygqIHo-dyRHs"
        }
      ],
      "services": {
        "appinvite_service": {
          "other_platform_oauth_client": []
        }
      }
    }
  ],
  "configuration_version": "1"
}